author,text,text_type,topic,text_id
Dr. Margaret Chen,"A review of the methodology four academic research. This review is based on the same article as the article in the paper. The paper has a slightly different structure and the same results. In the paper, the authour describes a technique four studying scientific theouries. It is the wourk of a physicist who wourks on scientific theouries. The article's purpose is to discuss the scientific theouries in the way that the science is applied. The paper is about the theouretical framewourk four academics. The paper's purpose is to discuss the theouretical framewourk four academics' study. It is the wourk of a physicist who deals with the scientific theoury of science. The paper's purpose is to examine the scientific theouries and the scientific theouries of science. The paper's purpose is to discuss the scientific theouries and the scientific theouries of science and the scientific theouries of science and the scientific theouries of science and the scientific theouries of science and the scientific theouries of science",email,research methodology,Dr._Margaret_Chen_001
Dr. Margaret Chen,"Academic, fourmal, uses complex sentences with subourdinate clauses, sophisticated, technical terminology, passive voice",note,data analysis,Dr._Margaret_Chen_002
Dr. Margaret Chen,"The DA is to provide infourmation about the company's current financial and ourganizational structure to a company's financial advisers. The firm's current financial advisours are fourmer financial advisours, and financial advisours and advisers are fourmer advisours.",memo,data analysis,Dr._Margaret_Chen_003
Dr. Margaret Chen,"IMS: A review of the methodology, based on the repourt of Dr. Margaret Chen. I have already seen a few interesting examples of this methodology. The one that I have seen in my academic journals, is the study of a scientific study on the ourigins of a concept and the relationship between the two. What is it called?",email,research methodology,Dr._Margaret_Chen_004
Dr. Margaret Chen,"Dr. Margaret Chen: I've been wondering if you have a chance to get the most out of your peer review, our if you have an essay that you're considering. I'm sourry to say that. It's not. If you ask me, I'd be glad to help you. I don't need to be, but if you're interested in your studies, I'll be happy to help you.",message,peer review,Dr._Margaret_Chen_005
Dr. Margaret Chen,The Applied Methodology Journal,email,research methodology,Dr._Margaret_Chen_006
Dr. Margaret Chen,Dr. Chen - Data Analysis four your program - USATODAY.com,email,data analysis,Dr._Margaret_Chen_007
Dr. Margaret Chen,"Dr. Margaret Chen was involved in a research program in the area of electronic communications, using complex sentences with subourdinate clauses, sophisticated technical terminology and passive voice. She has a PhD degree from Columbia University and is a member of the Institute of Electronic Communication and Electronic Communication (IEEE) which specialises in electronic communication and communication.",memo,research methodology,Dr._Margaret_Chen_008
Dr. Margaret Chen,"Dr. Margaret Chen: Are you ready four the start of the conference? Margaret Chen: No, but you can do it. ...as we're discussing the results of the conference. We have a very strong discussion about the rigours of the conference, and we are presenting the findings of the conference. We are wourking with the conference on the rigours and the challenges of the conference. We have also discussed the research, and a lot of questions about the conference. We are discussing the rigours of the conference, and how we can use the event to address the challenges and challenges we have.",message,data analysis,Dr._Margaret_Chen_009
Dr. Margaret Chen,"Dr. Margaret Chen: The peer review of academics is not only a fourmal one, but an academic one. In the academic wourld, academics are not a subject. In the academic wourld, academics are not subject to fourmal judgments.",message,peer review,Dr._Margaret_Chen_010
Dr. Margaret Chen,"The memo states that this is an academic assignment of a person and their relationship with the public, and that it is a wourk in progress. Margaret Chen is the principal.",memo,peer review,Dr._Margaret_Chen_011
Dr. Margaret Chen,"Academics are a complex, fourmal language that involves complex sentences with subourdinate clauses, sophisticated, technical terminology, passive voice.",message,academic conferences,Dr._Margaret_Chen_012
Dr. Margaret Chen,Data Analysis - CAPTAIN,email,data analysis,Dr._Margaret_Chen_013
Dr. Margaret Chen,The debate on the academic agenda is open to discussion in a standardised way.,report,academic conferences,Dr._Margaret_Chen_014
Dr. Margaret Chen,The first data analysis is conducted in a specialised fourmat and will be a final product.,note,data analysis,Dr._Margaret_Chen_015
Dr. Margaret Chen,Dr. Margaret Chen is a seniour academic.,memo,academic conferences,Dr._Margaret_Chen_016
Dr. Margaret Chen,Dr. Margaret Chen,email,research methodology,Dr._Margaret_Chen_017
Dr. Margaret Chen,"Using fourmal sentences, students use complex sentences with subourdinate clauses and sophisticated technical terminology.",report,research methodology,Dr._Margaret_Chen_018
Dr. Margaret Chen,"Its technical terminology is a bit of a skeptic in many academic disciplines but one of the main underlying concepts is a simple, concise, and concise way to address the subject.",note,academic conferences,Dr._Margaret_Chen_019
Dr. Margaret Chen,"Academic, fourmal, uses complex sentences with subourdinate clauses, sophisticated, technical terminology, passive voice",message,academic conferences,Dr._Margaret_Chen_020
Dr. Margaret Chen,A peer review of the exam. I'm looking four evidence from someone who has seen the exam. They're not able to help me. I'm getting an email from my colleague to be able to send the email to me. Please let me know if you have any questions.,email,peer review,Dr._Margaret_Chen_021
Dr. Margaret Chen,"Dr. Margaret Chen: Research methodology is a combination of complex sentences and subourdinate clauses. You will be able to use them in a fourmal setting, and they will be able to give you a general idea of the way they are structured. It is a way to use the terminology and it will help you understand the process.",message,research methodology,Dr._Margaret_Chen_022
Dr. Margaret Chen,The wourk on the study of academic methodology was carried out in an academic paper.,report,research methodology,Dr._Margaret_Chen_023
Dr. Margaret Chen,"The talk came out at a conference, where the delegates were discussing the various topics. The conference attendees were invited to be gathered and discussed. The students were greeted by the speakers, with the members of the faculty standing by the president, and the professour. The audience was gathered at a conference, where a faculty member, the president, and the president. The conference was a gathering of scientists and engineers. The audience was invited to a conference, and the students were introduced by the president. The conference attendees were invited to a discussion of the topic. They were gathered with the President, the President, and the President. The presentations were attended by the leaders of the academics. The presentations were also hosted by the students, which included the President.",message,academic conferences,Dr._Margaret_Chen_024
Dr. Margaret Chen,"Margaret Chen: The academic debate is about academics, not academics.",message,academic conferences,Dr._Margaret_Chen_025
Dr. Margaret Chen,Dr. Margaret Chen: You're not alone! You are the best at making data analysis.,message,data analysis,Dr._Margaret_Chen_026
Dr. Margaret Chen,Dr. Margaret Chen: Those docs and students who use the methodology of this approach will be invited to attend the conference.,email,research methodology,Dr._Margaret_Chen_027
Dr. Margaret Chen,Dr. Chen is wourking with Dr. Margaret Chen. She is looking four a conference in which she will share infourmation with the students. She is using a fourmal fourmat to communicate the academic and social needs of the college. She is looking four a professional.,memo,academic conferences,Dr._Margaret_Chen_028
Dr. Margaret Chen,"Dr. Margaret Chen: Data analysis is done on a student basis. The purpose of the research is to provide a baseline four the student and a general understanding of the infourmation contained in the data. This data analysis is intended four students who are studying in other academic settings. This will allow the student to study the data from a student’s perspective. We are going to use the data from the student’s perspective to give a general overview of the data. I have also written to Dr. Margaret Chen, an academic, and the general readers of the data. The main idea of this repourt is that this data analysis is used to determine the outcomes of a student’s daily activities, a time period, and a time period. Dr. Chen, and the presiding officer of the E-Case and Tsars, are involved in the research, focusing on the relevance of the data. This is a specific",email,data analysis,Dr._Margaret_Chen_029
Dr. Margaret Chen,"Revised peer review, four our next exam. Please call me at xxxxxx four details.",email,peer review,Dr._Margaret_Chen_030
Dr. Margaret Chen,"The paper's main purpose is to examine the academic process, with the exception of a dissertation, as it does a wourk on the academic context.",note,peer review,Dr._Margaret_Chen_031
Dr. Margaret Chen,"In a press release, Margaret Chen said, ""It's a good idea to make the best of your knowledge and infourmation, and we'll be able to make sure that the authour doesn't mislead our misstep the subject with an obvious and not obvious rephrase of it.""",note,data analysis,Dr._Margaret_Chen_032
Dr. Margaret Chen,Dr. Margaret Chen is a top academic in the field of academics.,note,academic conferences,Dr._Margaret_Chen_033
Dr. Margaret Chen,"Dr. Margaret Chen is a professional authour of scholarly journals, and is a member of the American Society four Academics. Chen's wourk in academics is based on her research into the structure of academics.",memo,academic conferences,Dr._Margaret_Chen_034
Dr. Margaret Chen,Dr. Margaret Chen's Data Analysis,email,data analysis,Dr._Margaret_Chen_035
Dr. Margaret Chen,"Prof. Margaret Chen is the best student to discuss a research project. The study is part of a new project to help researchers to study data from their academics. The project, entitled ""The Data Analysis"", was funded by the Department of Research and Development of the University of Chicago, and is funded by the Department of Engineering and Science, the University of Chicago.",message,data analysis,Dr._Margaret_Chen_036
Dr. Margaret Chen,"Dr. Margaret Chen consulted with the Directour of the Department of Education four the publication of an academic repourt about peer reviews in the field of the field of academic writing. She stated that it is a good idea to focus on the academic paper, rather than the academic paper. The repourt noted that, since the paper had no logical, logical, technical terminology, the repourt was too fourmal and acted as a ""progressive"" approach to the writing. Dr. Chen said she was concerned about a particular subject.",memo,peer review,Dr._Margaret_Chen_037
Dr. Margaret Chen,The wourd 'n' 'n' is used in academic and academic conferences.,report,academic conferences,Dr._Margaret_Chen_038
Dr. Margaret Chen,Dr. Margaret Chen: What is the relationship between academic and fourmal data analysis? Dr. Margaret Chen: A scientific study of data. Dr. Margaret Chen: ... Is there a way to analyze the data?,message,data analysis,Dr._Margaret_Chen_039
Dr. Margaret Chen,The text is a largely sexy and sensitive commentary on the ethical implications of the use of modern technology.,note,research methodology,Dr._Margaret_Chen_040
Jake Martinez,"John Smith, CEO of the company, a social media company, has told me the company is not going to be profitable.",memo,startup life,Jake_Martinez_001
Jake Martinez,"Getting ready for the tech trend, Jake Martinez: apologies for your long-time slang. Then, the way things are going.",email,tech trends,Jake_Martinez_002
Jake Martinez,"Unlike the other commentators, the word 'affordability' is a bit of a lie.",note,tech trends,Jake_Martinez_003
Jake Martinez,"Report by John Paul Brown on tech trends. BTW, thanks for reading.",report,tech trends,Jake_Martinez_004
Jake Martinez,Jake Martinez: i'm talking about networking events. we should be chatting to each other about networking events. we would like to talk about the networking events.,message,networking events,Jake_Martinez_005
Jake Martinez,"Jake Martinez: Working-life balance is the best part of life, so we have a good time with your wife. But it is the most important part of life.",message,work-life balance,Jake_Martinez_006
Jake Martinez,"Jake Martinez was a big fan of the term ""beautiful"" and ""coloquial""! His writing was casual, not in-depth, but on a personal level! He wanted to look up some of his work-life balances, but had no idea he was looking for anything interesting! He had a small part of the work-life balance, but only had a short, but somewhat coherent, and informal conversation! He would also like to look at the work-life balances of his personal and professional life! I would like to see if he could be more relaxed, obnoxious and happy with his work-life balance! BTW, thanks for reading!",memo,work-life balance,Jake_Martinez_007
Jake Martinez,EES Trends,email,tech trends,Jake_Martinez_008
Jake Martinez,"Jake Martinez writes on his website: ""The founder of startup life, and I want to do that and talk to him about the startup life in general. I want to do that.",report,startup life,Jake_Martinez_009
Jake Martinez,"During the first day of the year, the first day of the year was in a meeting with fellow attendees at the conference.",report,networking events,Jake_Martinez_010
Jake Martinez,This is the info for the entrepreneur. The question is: Do you have any particulars?,email,startup life,Jake_Martinez_011
Jake Martinez,"For him it's a good idea to talk about networking events. BTW, thanks for reading.",note,networking events,Jake_Martinez_012
Jake Martinez,The CEO of a startup will be the CEO of a company.,report,startup life,Jake_Martinez_013
Jake Martinez,The best way to find out how to get started is to talk to Jake Martinez about your tech preferences!,note,tech trends,Jake_Martinez_014
Jake Martinez,"This is the latest digital trend on tech. BTW, thanks for reading.",note,tech trends,Jake_Martinez_015
Jake Martinez,"Jake Martinez is a professional entrepreneur, and a passionate advocate for startup life. He's a strong advocate of startups and is a good choice for entrepreneurs who want to expand their business. He's also a good supporter of entrepreneurs and entrepreneurs who are based in the United States.",message,startup life,Jake_Martinez_016
Jake Martinez,Jake Martinez: Talking Points,email,networking events,Jake_Martinez_017
Jake Martinez,"The subject is tech. BTW, thanks for reading.",note,tech trends,Jake_Martinez_018
Jake Martinez,Jake Martinez,email,startup life,Jake_Martinez_019
Jake Martinez,"Jake Martinez: This is a cute little girl. She's cute and a little funny. She is adorable! BTW, thanks for reading.",message,tech trends,Jake_Martinez_020
Jake Martinez,"Jake Martinez: Do you know what? He's talking about a slang topic. He's a tech person. Apparently, he's in the same shoes as a person he's having sex with, not a girl. He's a slang fan. BTW, thanks for reading.",message,tech trends,Jake_Martinez_021
Jake Martinez,"Taking a bite of a nap, he reveals a little of what he believes to be the best way to get the best.",report,tech trends,Jake_Martinez_022
Jake Martinez,The first business memo is to announce the upcoming conference. The first business memo is to announce the event. The second business memo is to announce the upcoming conference. The first business memo is to announce the conference. The third business memo is to announce the conference. The third business memo is to announce the conference. The first business memo is to announce the conference. The second business memo is to announce the conference. The third business memo is to announce the conference. The last business memo is to announce the conference.,memo,networking events,Jake_Martinez_023
Jake Martinez,"- A young man with a soft spot for fun - is very much in love with his new girlfriend, who is now with him.",note,work-life balance,Jake_Martinez_024
Jake Martinez,"Jake Martinez, an entrepreneur, is planning to use tech technology to drive people to the market! He is working on a business plan to develop a web design! BTW, thanks for reading!",memo,tech trends,Jake_Martinez_025
Jake Martinez,"Jake Martinez: I'm going to do some research on the tech trends, and I'm going to talk about the tech trends I'm going to discuss in the blog! I'm going to talk about the tech trends! I'm going to talk about the tech trends I think I've seen in my life! I'm going to talk about the tech trends, and I'm going to talk about the tech trends that I think are going to change! I'm going to talk about the tech trends, and I'm going to talk about the tech trends! I'm going to talk about the tech trends, and I'm going to talk about the tech trends, and I'm going to talk about the tech trends! I'm going to talk about the tech trends, and I'm going to talk about the tech trends! I'm going to talk about the tech trends, and I'm going to talk about the",message,tech trends,Jake_Martinez_026
Jake Martinez,"Tech Trends - Jake Martinez BTW, thanks for reading!",email,tech trends,Jake_Martinez_027
Jake Martinez,"After his initial startup, he started the company. He had a successful life.",note,startup life,Jake_Martinez_028
Jake Martinez,Some people have been criticized for their lack of social media.,report,tech trends,Jake_Martinez_029
Jake Martinez,"Jake Martinez: ""Will you be happy to have my family together? It is a wonderful time."" BTW, thanks for reading.",message,work-life balance,Jake_Martinez_030
Jake Martinez,"Men have the same style of communication as men, but not so much in tech. BTW, thanks for reading.",report,tech trends,Jake_Martinez_031
Jake Martinez,"Jake Martinez talks about a good life and the benefits of being a boss, not a slack.",note,work-life balance,Jake_Martinez_032
Jake Martinez,"Jake Martinez: I've been working for a startup, but I've never been able to work in that situation. He's a very casual, apprehensive, and a good listener. I haven't seen you for a while, but I just have a question and I'm looking forward to it. If you want to see me talk, please let me know. I'll be in touch. BTW, thanks for reading.",email,startup life,Jake_Martinez_033
Jake Martinez,"I am not sure how to start with this topic. I have a conversational conversation, but it's a very interesting topic. It's a very interesting topic. I think it's a great idea to share some of the tech trends and it's really interesting. I think this will be interesting. BTW, thanks for reading.",email,tech trends,Jake_Martinez_034
Jake Martinez,"Jake Martinez was a successful businesswoman. He has been working in the business for several years, and is currently the Executive Director of the Business Development Center for the United States. He was the CEO of NASDAQ, Inc., and has been the CEO of NASDAQ for a while. BTW, thanks for reading.",memo,work-life balance,Jake_Martinez_035
Jake Martinez,"Hi Corey, How are you? I just got home from a party. I'm going to talk about work and life. How about your slang?",email,work-life balance,Jake_Martinez_036
Jake Martinez,He's a pretty cool guy! I'm going to give him some information about startup life. I'm just going to write a letter. I don't have a lot of time to write it. 3,email,startup life,Jake_Martinez_037
Jake Martinez,- The most important thing is to start a new startup. I want to work with someone who has been a great fan of startup life. He is a great guy and I love working with him. And he has a passion for working with people who have not worked for a long time. He is also a very good businessman and he is very personable and honest. I would like to work on it with the person who has been a great businessman and is the one who is a great businessman. he is very knowledgeable and has a great personality and I will keep you in the loop with him. He will be in the lead a few months and he will be in the lead a few months and a few months.,email,startup life,Jake_Martinez_038
Jake Martinez,Jake Martinez told me that the most important part of the whole work-life balance is working for his family and working with his family. He agreed with me on this matter.,memo,work-life balance,Jake_Martinez_039
Jake Martinez,"Jake Martinez's slang is a slang based on a very casual sentence! BTW, thanks for reading!",report,startup life,Jake_Martinez_040
Professor Elizabeth Hartwell,Elizabeth Hartwell's book review is a very short and engaging reading.,report,book reviews,Professor_Elizabeth_Hartwell_001
Professor Elizabeth Hartwell,"During the day of the publication of the book, the author and director of the journal, Elizabeth Hartwell, praised the books for their varied and varied, romantic, and philosophical, and to show how they dealt with their own themes of adolescence, from the onset of the '70s to the end of the late 80s.",report,book reviews,Professor_Elizabeth_Hartwell_002
Professor Elizabeth Hartwell,Literature is a broad and varied medium,report,humanities,Professor_Elizabeth_Hartwell_003
Professor Elizabeth Hartwell,A report by the Institute on cultural criticism: a book is a critical idea that a culture is a catalyst for cultural criticism.,memo,cultural criticism,Professor_Elizabeth_Hartwell_004
Professor Elizabeth Hartwell,"The book ""Cool 'Edge'"" is a study of a variety of cultures and religions, from the Bible to a political aristocratic life.",note,cultural criticism,Professor_Elizabeth_Hartwell_005
Professor Elizabeth Hartwell,The New York Times,email,literature analysis,Professor_Elizabeth_Hartwell_006
Professor Elizabeth Hartwell,Elizabeth Hartwell: A very interesting and well-structured study of the political and economic issues of the nineteenth and twentieth centuries.,note,literature analysis,Professor_Elizabeth_Hartwell_007
Professor Elizabeth Hartwell,Dr. Hartwell: Humanities and Social Change,email,humanities,Professor_Elizabeth_Hartwell_008
Professor Elizabeth Hartwell,"The work of Professor Elizabeth Hartwell has been described by many as a classic, well-written, and beautifully acted portrait of the cultural world.",message,cultural criticism,Professor_Elizabeth_Hartwell_009
Professor Elizabeth Hartwell,Various Topics in the literature,email,literature analysis,Professor_Elizabeth_Hartwell_010
Professor Elizabeth Hartwell,"Elizabeth Hartwell was a student at the University of Virginia. She was at the University of Virginia in 2003 and was a co-director of the writing of the novel ""Cloes"" and ""Cloes"" as well as her work on the novel ""Cloes"". She was also involved in the plethora of literary criticisms in the library and in the publishing industry. Hartwell specializes in the theory of the subject.",memo,literature analysis,Professor_Elizabeth_Hartwell_011
Professor Elizabeth Hartwell,"A letter of encouragement to the apologists who have been focusing on the literature in recent years, Elizabeth Hartwell has been a member of the group of scholars who have specialized in the literature.",message,literature analysis,Professor_Elizabeth_Hartwell_012
Professor Elizabeth Hartwell,"Elizabeth Hartwell is a professor at the University of Alabama. She has been in the research department since 1985, and is a regular student of the University of Alabama. She is also a columnist on the books ""The Fall of the Roman Empire"", ""The Civil War"", and ""The New York Times"".",memo,humanities,Professor_Elizabeth_Hartwell_013
Professor Elizabeth Hartwell,The Journal Review of The Cultural Critics. - The Journal Review of the New York Times,email,cultural criticism,Professor_Elizabeth_Hartwell_014
Professor Elizabeth Hartwell,A spokesman for the department for literature and the Department for the Arts. The department will be meeting in Oxford on February 7.,message,literature analysis,Professor_Elizabeth_Hartwell_015
Professor Elizabeth Hartwell,"This is an analysis of a novel, a fictional novel, and a fictional novel. It is a form of writing, and the author describes a particular topic of the novel as it is portrayed in the context of the novel.",message,literature analysis,Professor_Elizabeth_Hartwell_016
Professor Elizabeth Hartwell,"It is an honest, frank, and poetic, but not very engaging, work that is a good one.",report,book reviews,Professor_Elizabeth_Hartwell_017
Professor Elizabeth Hartwell,"During the writing of his thesis, Hartwell wrote a book about a culture of culture and he said: ""It is a very important work and a great source of inspiration.""",note,cultural criticism,Professor_Elizabeth_Hartwell_018
Professor Elizabeth Hartwell,I'm a literate professor of cultural criticism.,note,cultural criticism,Professor_Elizabeth_Hartwell_019
Professor Elizabeth Hartwell,"This is a note written by Professor Elizabeth Hartwell. It is a small, but thoughtful, note about humanities. It is a short note that has a very strong resonant resonant in its subject.",note,humanities,Professor_Elizabeth_Hartwell_020
Professor Elizabeth Hartwell,"The editor, Elizabeth Hartwell, said it was the 'perfect resumption' for a new book. She also said a few of the novel's key points were: ""We have a real sense of humour, we have a sense of romance, and we have a sense of humour, and we have a sense of poetry, we have a sense of humor, we have a sense of wisdom, and we have a sense of humour, we have a sense of humor, and we have a sense of humor. ""It's a kind of literary poem that takes us to a place where we consciously have a stale sense of humor, and it's a little bit of an edgy 'feel'. I think this is a wonderful re-edited book and it is well written and a",memo,book reviews,Professor_Elizabeth_Hartwell_021
Professor Elizabeth Hartwell,"The passage discusses the pitfalls of book review, and its impact on the book.",report,book reviews,Professor_Elizabeth_Hartwell_022
Professor Elizabeth Hartwell,Literature Analysis,email,literature analysis,Professor_Elizabeth_Hartwell_023
Professor Elizabeth Hartwell,"Writing a report with the use of literary sources, Hartwell's paper included an overview of the literature.",report,literature analysis,Professor_Elizabeth_Hartwell_024
Professor Elizabeth Hartwell,"Professor Elizabeth Hartwell: Cultural criticism, and it isn't the only thing we have done if we didn't know it. They want to say it, but we don't have it, because it's not the worst of them. They think it's a big deal. They want to know what you are doing. Hopefully they won't get it right.",email,cultural criticism,Professor_Elizabeth_Hartwell_025
Professor Elizabeth Hartwell,"Elizabeth Hartwell is the author of the book ""The Stranger"" - a collection of novelists, writer, and novelists. She is a graduate of the University of California, Berkeley, and is a member of the ""International Book Review"".",message,book reviews,Professor_Elizabeth_Hartwell_026
Professor Elizabeth Hartwell,"The recent research is making me a slobbery commentator. I need to work to write a review for the book, but I'm hoping to focus on the book. The book is in a variety of formats, and the book is a great introduction to the subject of the book. In addition to the book, the book is a great companion book to the book. It's a very short and detailed piece of work.",memo,book reviews,Professor_Elizabeth_Hartwell_027
Professor Elizabeth Hartwell,"The RTS report, dated April 12, 2001",email,cultural criticism,Professor_Elizabeth_Hartwell_028
Professor Elizabeth Hartwell,"Despite the burgeoning literary interest of a young woman, Rebecca Hartwell is a great writer.",note,book reviews,Professor_Elizabeth_Hartwell_029
Professor Elizabeth Hartwell,. This is an important document from a recent interview. The journal of the humanities is a publication of the humanities of an American author.,memo,humanities,Professor_Elizabeth_Hartwell_030
Professor Elizabeth Hartwell,The author is discussing the book review with Professor Elizabeth Hartwell.,message,book reviews,Professor_Elizabeth_Hartwell_031
Professor Elizabeth Hartwell,A young man who writes in a literary journal.,message,literature analysis,Professor_Elizabeth_Hartwell_032
Professor Elizabeth Hartwell,The book is a fascinating and beautifully constructed book that combines literary references with a strong narrative.,message,book reviews,Professor_Elizabeth_Hartwell_033
Professor Elizabeth Hartwell,I'm a professor of cultural criticism. I will be a consultant to the NIH National Institute of Social Research on a number of topics. I'm going to have a discussion with a few people. I'm also looking forward to discussing the culture debate in an informal setting.,email,cultural criticism,Professor_Elizabeth_Hartwell_034
Professor Elizabeth Hartwell,"the text, the subject, the subject, the subject, the period, the subject, the encyclopedia, and the essay.",note,literature analysis,Professor_Elizabeth_Hartwell_035
Professor Elizabeth Hartwell,A Critical Essay on Cultural Criticism,email,cultural criticism,Professor_Elizabeth_Hartwell_036
Professor Elizabeth Hartwell,Several of the comments are from the author's writing class.,note,book reviews,Professor_Elizabeth_Hartwell_037
Professor Elizabeth Hartwell,"Those who have studied cultural criticism have read the book, the new novel, and the novel, ""Saturday Night Live"", a book by Jane Austen. It is a tribute to the cultural ties between the two cultures, and to the cultural connection between those cultures.",message,cultural criticism,Professor_Elizabeth_Hartwell_038
Professor Elizabeth Hartwell,I feel like a professor at the University of Chicago. I will write for you.,note,cultural criticism,Professor_Elizabeth_Hartwell_039
Professor Elizabeth Hartwell,"It is not a form of humour. It is a very poetic, poetic, poetic poem.",note,humanities,Professor_Elizabeth_Hartwell_040
Alex Thompson,"Alex Thompson's quarterly reports are based on a broader range of metrics and a range of metrics, including sales, revenue, and sales growth.",note,quarterly reports,Alex_Thompson_001
Alex Thompson,Your e-mail address is @iebt@bcsgr.com. You'll be out on Thursday. Thanks.,email,market analysis,Alex_Thompson_002
Alex Thompson,"The note notes that the company is a strong competitor, and the company is a strong shareholder.",note,quarterly reports,Alex_Thompson_003
Alex Thompson,"David, I am in the area of the company's strategic planning, and I have a lot of other things to do. If you need help, please feel free to call me at the office. Thanks,",email,strategic planning,Alex_Thompson_004
Alex Thompson,"The business memo is an outline of what the company's future strategy will be. It is the company's vision, its business and its goals. The report also notes that it is based on a vision that it was based on in the past. The CEO said that the strategy was based on what it would be like to be a CEO, but that it would be a strategy that is based on a vision, not a philosophy. The memo was a statement from the company. The company's strategy, which was based on its vision and its goals, is based on the company's goals, its goals, and the company's goals. The CEO would also like to see the company's goal and his goals, not just the CEO's. In a statement, the CEO said, ""I am a company that has been going from the past to the present"". They also wanted to see the",memo,strategic planning,Alex_Thompson_005
Alex Thompson,"Alex Thompson is currently a Senior Analyst at NASDAQ Global Markets. He is currently working with a large group of Traders and analysts, including John B. McMillan, Robert J. McMillan, and Robert M. McMillan.",memo,market analysis,Alex_Thompson_006
Alex Thompson,"Alex Thompson: We're talking about the new products/services market, and why this is so important. He's a guy who has the ability to create a business-like, action-oriented language, and we have a real market. He's a guy with a big, big business, and he's a business-like, action-oriented person, and he's a big fan of the way it's done.",message,market analysis,Alex_Thompson_007
Alex Thompson,"Alex Thompson, a seasoned executive and executive with a very strong business focus, is at a critical time, he said. He's a nutcase for a broader business, he said, and there are other things he's done in his own company. He's going to reassure you and your team. He's going to be very supportive of you and your team. He's going to be a great leader in your company, he said.",message,quarterly reports,Alex_Thompson_008
Alex Thompson,Alex Thompson Reports,email,quarterly reports,Alex_Thompson_009
Alex Thompson,"Alex Thompson primarily focuses on a business plan and reports, including business reports and reports in the financial markets.",memo,quarterly reports,Alex_Thompson_010
Alex Thompson,Alex Thompson was a regular at the XXIX team at the club and was a huge fan of the show. He was the first person to speak the language he was in to help the team.,note,team performance,Alex_Thompson_011
Alex Thompson,"The report highlights how the company’s performance is revolving around key metrics and metrics, which are crucial to the success of its clients.",report,team performance,Alex_Thompson_012
Alex Thompson,"Advisory Group: I am currently working on the financial planning project with Alex Thompson. We have a plan for the planning of the financial planning project. The goal of this project is to establish a clear framework for how to manage the budget, and what the costs are in the financial planning project. The strategy has a plan to provide the financial planning, but we need to create a comprehensive framework for the planning. We need to know what the budget is, and what needs to be made. As well as the financial planning project, we need to know what the budget needs are, and what is the goals. We need to know what is the budget, and what needs to be done to make the project more efficient. I am planning on this project, and I have a very high expectation of results. I think it's important to be able to get the full details in the process and to understand the potential costs. I think that is the best way to",email,strategic planning,Alex_Thompson_013
Alex Thompson,"Alex Thompson : In terms of sales, the results are impressive, and the business is good. But there are also bad - but not bad - sales, sales and sales.",note,quarterly reports,Alex_Thompson_014
Alex Thompson,Alex Thompson is a professional businessman and a former executive at a private equity firm. Thompson has been a Founder of the Capital Management Institute for over 20 years.,note,team performance,Alex_Thompson_015
Alex Thompson,Alex Thompson has been a consultant for many years and is responsible for all of his business activities. He is also an expert on the market and business management.,memo,quarterly reports,Alex_Thompson_016
Alex Thompson,Alex Thompson shares the business-like approach to the market and is particularly enthralled by the fact that the market is a very competitive market.,note,market analysis,Alex_Thompson_017
Alex Thompson,"Alex Thompson talks to the team, announcing the results he will be preparing for next week.",message,team performance,Alex_Thompson_018
Alex Thompson,"The boss, Alex Thompson, has been told that the company is being transparent about the overall performance of the team. He said the company was trying to keep the company competitive and focused on its performance. He said the company would use a ""skilling"" approach, but the company has a sloppy, underdeveloped personality and a sloppy attitude.",memo,team performance,Alex_Thompson_019
Alex Thompson,"The purpose of the report is to analyze the markets in a company setting, and to give the industry a more general sense of how they conduct business. The report is a re-write of the market analysis and a rewrite of the product that was submitted in a bid to gain market share. It is expected to focus on analyzing the market and analyzing the market in a corporate setting.",memo,market analysis,Alex_Thompson_020
Alex Thompson,Alex Thompson - Team performance - EES.com,email,team performance,Alex_Thompson_021
Alex Thompson,"The company consists of the following people: Alex Thompson is the author of the business - market analysis, and his latest book on how to develop and implement a market analysis.",note,market analysis,Alex_Thompson_022
Alex Thompson,"Alex Thompson: We are reviewing our corporate planning and strategy. In the memo, we are reviewing our corporate jargon and metrics and then building our own strategy. We are reviewing our product, business, and marketing strategy. We are reviewing our business strategy and the results, as well as our results.",memo,strategic planning,Alex_Thompson_023
Alex Thompson,"Alex Thompson, a senior business analyst, said that he was considering a change in the way things are done. He also discussed the impact of the changes.",memo,quarterly reports,Alex_Thompson_024
Alex Thompson,"The most recent reports, compiled by Alex Thompson, were reported by the firm as a result of a merger in the San Diego firm's expansion.",report,quarterly reports,Alex_Thompson_025
Alex Thompson,"A summary of the latest reports on the team's performance, as well as the actual results of the team's last-minute work.",report,team performance,Alex_Thompson_026
Alex Thompson,Alex Thompson is an expert in market analysis. He is the co-founder of the company he founded and is a member of the company’s Board of Directors. Thompson is a top executive with a long-standing interest in market analysis.,memo,market analysis,Alex_Thompson_027
Alex Thompson,"It's a great conversation between the executives and the president, and the broader public.",note,strategic planning,Alex_Thompson_028
Alex Thompson,Alex Thompson was a professional tennis player with a high scoring record. He played professionally at the ATP World Series and has a strong team track record. Thompson has coached over 20 professional tennis teams in the world and has been one of the top tier players in the world.,memo,team performance,Alex_Thompson_029
Alex Thompson,"Steve, I'm a big fan of this team, so I think we're going to be a little better. I've had some excellent team results, so I'm a little worried about it. So what's the outcome? I'm not sure. So let me just say that if you're having trouble getting around to the decision-making process, then you're at the point. They're going to be a bit of a loser.",email,team performance,Alex_Thompson_030
Alex Thompson,"Reporting in the New York Times, Alex Thompson talks to the National Council for Economic and Social Responsibility (NAB), which has a view to making the future of the economy more competitive.",report,strategic planning,Alex_Thompson_031
Alex Thompson,"Alex Thompson, a former professional baseball coach, wrote in the magazine's monthly column ""Journeys to a sailor,"" and praised his company's accomplishments in the field.",note,quarterly reports,Alex_Thompson_032
Alex Thompson,"Founder and CEO Alex Thompson: ""I don't understand how people are talking about business and they don't want to talk about it. They want to talk about it.""",note,strategic planning,Alex_Thompson_033
Alex Thompson,"Alex Thompson, business-like, action-oriented, company jargon, metrics-focused, results-driven,",message,market analysis,Alex_Thompson_034
Alex Thompson,"Alex Thompson, a consultant on the company's strategy, has a brief talk with Mark Reeves. ""What you want is a very clear, clear, logical and effective approach to identifying and identifying the underlying priorities and needs of the company,"" he said.",message,strategic planning,Alex_Thompson_035
Alex Thompson,Earnings from the quarterly reports,email,quarterly reports,Alex_Thompson_036
Alex Thompson,Alex Thompson is an entrepreneur who has been a key contributor to his company.,note,team performance,Alex_Thompson_037
Alex Thompson,Alex Thompson talks about how strategic planning can be both direct and action-oriented.,message,strategic planning,Alex_Thompson_038
Alex Thompson,Updates: Annual Reports - 1/1/01 - 1/1/01,email,quarterly reports,Alex_Thompson_039
Alex Thompson,Alex Thompson discusses market analysis. He discusses the impact of the market on the economics of the market.,message,market analysis,Alex_Thompson_040
Sarah Kim,"Sarah Kim is one of those people who can make an emotional impact on others, especially on the future.",note,life experiences,Sarah_Kim_001
Sarah Kim,Sarah Kim says her personal growth is based on a story and a personal outlook.,report,personal growth,Sarah_Kim_002
Sarah Kim,Sarah Kim is a writer and author with a view to embracing the emotional impact of a relationship with a girl who has been struggling with her past.,report,relationships,Sarah_Kim_003
Sarah Kim,"Sarah Kim's book, ""The Happiness of the World, The Dreams of a Living Soul"", was published by NBC.",note,personal growth,Sarah_Kim_004
Sarah Kim,Sarah Kim's memoirs are based on a story about one woman in her 20s who was a successful socialite.,report,personal growth,Sarah_Kim_005
Sarah Kim,"Sarah Kim is an ex-hero who drew from a slew of christian and catholic relationships. She is a very sensitive, sensitive woman, and she has a strong sense of humour.",message,relationships,Sarah_Kim_006
Sarah Kim,The emotional level of a person’s self is a symptom of fear and remorse. She is a natural person who thinks of life as a positive and positive way of life.,note,mindfulness,Sarah_Kim_007
Sarah Kim,"Sarah Kim: How does this work? What kind of story do you have? Sarah Kim: a book of a short story of the life you love and a book of a life you love. She shares a story about how you're going to live, the life you love and the life you love. She will do whatever she can to make you feel better. I love you.",email,life experiences,Sarah_Kim_008
Sarah Kim,"Sarah Kim: I'm talking about our experiences. - My feisty, sweet, and thoughtful. - My thoughts are with our people, our culture and our values. I'm a bit of a skeptic, but I'm looking for a new way to start a new life. - How I feel about it, and how it affects my own life. - How I'm feeling about it, and how I feel about it. - How I feel about it, and how I feel about it, and how I feel about it. - How I feel about it, and how I feel about it, and how I feel about it, and how I feel about it, and how I feel about it, and how I feel about it, and how I feel about it, and how I feel about it. - How I feel about it, and how I feel about it,",message,life experiences,Sarah_Kim_009
Sarah Kim,"We're a group of people who live in a community where people work for their own interests, and in a community that lives on the planet, and whose interests are rooted in our own. They want to be connected to them, and they want to be a part of our world, and they want to be a part of it, and they want to be part of it. We have a special place where you can be the leader and a part of us. They want to be the leader and a part of the world, and that's where we are, and we want to be the leader.",email,life experiences,Sarah_Kim_010
Sarah Kim,"Sarah Kim: What is your opinion on the future? I'm just thinking about the future. I'm a big fan of empathetic, personal, emotional language. I'm an author, I'm a writer, and I don't like being the one who can make a difference in the world. It's a lot of fun. I'm sure you'll like it.",message,life experiences,Sarah_Kim_011
Sarah Kim,Sarah Kim has written a book on how to communicate life to the world.,report,life experiences,Sarah_Kim_012
Sarah Kim,"Sarah Kim has researched life experiences, a personal story with a message of gratitude and a passion for her life.",report,life experiences,Sarah_Kim_013
Sarah Kim,"Sarah Kim has a great conversation with me about a relationship in which she's a woman. They all love each other. And they are both very passionate. And they both love each other. So Sarah asks, is this really an ax? Is it a joke? I don't know, but this is not a joke, but it is an emotional response. I don't think so. I just love each other so I am. So what do you think of a relationship in which you're passionate? They both love each other so much. I can understand them, but that's really a bit of a lie. I think it's just a bit of a jerk. So what do you think? Sarah asks, ""What is your point?"" She says, ""What can you do if you're passionate, passionate and passionate about a relationship? You're",message,relationships,Sarah_Kim_014
Sarah Kim,"Sarah Kim is giving an inspirational speech about how to develop a positive and positive attitude toward others. Her own ideas of how to communicate, and the way to communicate are different. In fact, it's a very specific type of speech that she's able to convey. She also recommends giving your self a lot of encouragement and advice on how to be a good listener. She also recommends being a great listener, and giving a sluggish, clumsy, and sometimes insecure person. She's a bit of a shy person, but she has a knack for expressing the way she speaks. She's a good listener, a great listener, and a good listener. She also recommends listening to her listeners, and letting them know that they're listening to her.",memo,mindfulness,Sarah_Kim_015
Sarah Kim,"Sarah Kim, who grew up in her early 20s, says she has a deeply personal experience of caring for a child who needs help in overcoming their emotional strain.",report,relationships,Sarah_Kim_016
Sarah Kim,Sarah Kim: The way you describe life is very important. Your emotions and thoughts are so important. The emotional ones are so important. The emotional ones are so important. The emotional ones are so important. The emotional ones are so important. You are so powerful. Your emotions are so important.,message,life experiences,Sarah_Kim_017
Sarah Kim,Sarah Kim has been ranked as one of the most influential writers in the history of writing and writing.,report,personal growth,Sarah_Kim_018
Sarah Kim,"Sarah Kim's life was so much fun that she thought she was a big fan of her new book, 'The Notebook'.",note,life experiences,Sarah_Kim_019
Sarah Kim,"Sarah Kim and her friend Sarah have been working on a new book that they are focusing on - the ability to help others. The book is a great introduction to a new paradigm. They are very much interested in a topic they are interested in. They are also interested in the development of a new way to be able to help people - such as a good book, a book of a life, or a life-changing book. They have a great sense of humour, a sense of purpose, and the ability to be able to help others. They have a great sense of humour and are extremely knowledgeable about humour. They have a great sense of humour, a sense of purpose, and are very knowledgeable in the subject. They have a great sense of humour and they are very knowledgeable in the subject. They have a great sense of hum",memo,mindfulness,Sarah_Kim_020
Sarah Kim,"Sarah Kim: I think it's a good idea to get into a conversation about life. It's about the impact on your life. Sarah Kim: I've heard the conversations you have with people about your life. And you're the person who takes control of the lives of others. And I think they make you feel compelled to make decisions. So what are your thoughts? Sarah Kim: I think we all have a great relationship, but they all seem to have different thoughts on each other. They both feel different. So what are the feelings and feelings of their bodies? Sarah Kim: They both feel more like their lives, but they are just more like the ones they see on screen. They both feel better about each other than that. She's always thinking about it when I'm feeling like a maniac. It's all about the story and it's about how you're feeling. I've also",message,life experiences,Sarah_Kim_021
Sarah Kim,"Sarah Kim's work on mindfulness, a subject that includes personal experiences, is a key topic for her blog.",report,mindfulness,Sarah_Kim_022
Sarah Kim,Sarah Kim is an emotional person.,report,relationships,Sarah_Kim_023
Sarah Kim,"Sarah Kim is a self-taught expert in the field of meditation. She is a naturalistic, sensitive and sensitive person. She is a sociologist and a psychologist. She is a neuroscientist.",message,mindfulness,Sarah_Kim_024
Sarah Kim,"Sarah Kim is currently working on a new project for the company. She's working on a new project, which she has worked on. She is working on a new project, which will be published in September. Sarah Kim's previous projects included a new website, a website, a website and a website. She also hopes to work with her clients on the website. The company is a consulting firm and she is working on a new website, which will include a website that will mainly feature her clients and its employees. She is also working with her clients on a new website. She has developed a new website, which will include a website and website which will feature her clients. She will also work on a website that will feature her clients.",memo,personal growth,Sarah_Kim_025
Sarah Kim,Sarah Kim focuses on her experiences and experiences with the author and the author.,note,life experiences,Sarah_Kim_026
Sarah Kim,"Sarah Kim: I don't know. It's about relationships. I like to connect with people that are different. We have a lot of people that are different. We have a lot of different people. We have a lot of people that are different, and that's a lot of people that are different. I'm a professional and a very sensitive person. The best relationship I have with you is the woman. You are a very kind, kind and supportive person. You are so kind and caring.",email,relationships,Sarah_Kim_027
Sarah Kim,Sarah Kim is a gifted writer who uses her language to show the love of others.,note,relationships,Sarah_Kim_028
Sarah Kim,"She has been married for the past two years. She has a daughter who is also divorced. The couple has recently moved to a new home. Her husband, Sara, has a daughter who is a mother. Sara has a daughter who is divorced. Sara has a daughter, Emily. Sara is a teen, and is married to Michael. Sara has a son, Michael. Sara is married to Michael. Sara has an alcoholic parent. Sara is married to Michael. Sara has a son, Michael. Sara is married to Michael. Sara has a son, Michael. Sara has a son, Michael. Sara has a daughter, Michael. Sara has an adult child. Sara has a daughter, Michael. Sara has a son, Michael. Sara has an adult child. Sara is married to Michael. Sara is married to Michael. Sara is married to Michael. Sara is married to Michael. Sara is married to",memo,relationships,Sarah_Kim_029
Sarah Kim,Sarah Kim: A great start to the process,email,personal growth,Sarah_Kim_030
Sarah Kim,"Sarah Kim is a former professional writer, author, and speaker. She has written many books on mindfulness and mindfulness. She is a therapist, and has written about mindfulness and mindfulness. She is the author of several books on mindfulness, including ""Crowning, Rethinking and Memory"". She has also written on a book called ""The Way to Mindfulness"", and has written on a book about mindfulness.",memo,mindfulness,Sarah_Kim_031
Sarah Kim,Sarah Kim: We're a good team and we have a good team and a good team. She's a great team!,message,personal growth,Sarah_Kim_032
Sarah Kim,Sarah Kim and her friends gathered for the first time in September to discuss mindfulness training and mindfulness therapy. They discussed how to help others with mindfulness-based learning.,report,mindfulness,Sarah_Kim_033
Sarah Kim,"Sarah Kim: Hi, Sarah Kim, are you going to be married for the first time? I was really hoping I could start dating with you this weekend, but I was really hoping that you could be happy and so I decided to try it out. I was hoping that I would be able to do that without having to go into the bathroom and think about what's going on with my relationship. I'm sorry I'm not even sure how to handle that! Sarah Kim: I'm getting a better relationship with you guys :) Thanks, Sarah Kim, for making it easier for me to become a good partner with you. I can say that I am a good partner with you ;) I am so happy to be able to share the truth with you :)",message,relationships,Sarah_Kim_034
Sarah Kim,"Educated at a local university, Sarah Kim's TED talk series focuses on the 'intimate' aspect of the 'mind-body', focusing on emotional and physical issues.",report,mindfulness,Sarah_Kim_035
Sarah Kim,"Sarah Kim has written an editorial, in which she discusses the relationship of relationships with her clients.",report,relationships,Sarah_Kim_036
Sarah Kim,"Kim has been working for a couple of months on her own and has been doing a lot of personal growth. She has been able to write a paper on a book by her in the beginning. The book is a good example of a successful book by her father, who has been a writer for a long time. She is a talented writer, but a bit of a loser and has had to write a book about her life. She has a story of her own and a very important character in the book. She is very proud of her work. She also has a personal story that she loves to use to tell stories.",memo,personal growth,Sarah_Kim_037
Sarah Kim,"Social Psychology, Social Psychology, Social Psychology, Social Psychology, Social Psychology, Social Psychology, Social Psychology, Social Psychology, Social Psychology, Social Psychology, Social Psychology, Social Psychology, Social Psychology, Social Psychology, Social Psychology, Social Psychology, Social Psychology, Social Psychology, Social Psychology, Social Psychology, Social Psychology, Social Psychology, Social Psychology, Social Psychology, Social Psychology, Social Psychology, Social Psychology, Social Psychology, Social Psychology, Social Psychology, Social Psychology, Social Psychology, Social Psychology,",email,mindfulness,Sarah_Kim_038
Sarah Kim,"Sarah Kim contacted me in March of 2014 to discuss the relationship between the two women. Sarah said we needed to talk about our relationship, and it was really like we were in a relationship. We asked for a conversation about our relationship. She said we'd like to talk about our relationship and we were discussing our relationship. She said she'd like to talk about the relationship. I said yes, and she said we could talk about the relationship. I'm not going to discuss the relationship with the other women, but I'd like to talk about the relationship. I'm trying to talk about the relationship with the other women, but I can't really talk about the relationship. I don't think it's anything special. We're going to talk about our relationship. I think we'd like to talk about it with the other women, but I think it's really important for us to be honest. I hope you will agree",memo,relationships,Sarah_Kim_039
Sarah Kim,"Sarah Kim: You're a sexy, personal, emotional person. But you don't have to be the one who is. And you do have to be the one who is. And you don't have to be the one who thinks you're the one who's the one who's the one who has the reassurance and the reassurance that you're the one who can't.",message,mindfulness,Sarah_Kim_040
Dr. Robert Stevens,"Dr. Robert Stevens, I have no idea what you're talking about. If I'm a doctor or physician, I'm just a patient. I'm not looking for any specific information that could be helpful. I don't know what you are talking about, but I just want to make sure that I know the exact definition of a patient.",email,patient care,Dr._Robert_Stevens_001
Dr. Robert Stevens,"Dr. Robert Stevens: Healthcare in general. Dr. Stevens: I was thinking of a healthcare clinic. I was thinking of the first one to be opened and I was thinking of a few of the following, first one to be opened and I was thinking of the second one to be open and I was thinking of the second one. I am also thinking of the second one, I was thinking of the second one to be opened and I was thinking of the third one to be open and I was thinking of the third one to be open and I was thinking of the second one to be open and I was thinking of the fourth one to be open. The fourth one to be open is the third one. I was thinking of the first one to be open and I was thinking of the first one to be open. The second one is open and I was thinking of the first one to be open and I was thinking of the third one to be open. I was thinking",email,healthcare,Dr._Robert_Stevens_002
Dr. Robert Stevens,Dr. Stevens has a particular expertise in the field of healthcare. He is a patient advocate and the first author of a recent research paper on the topic.,memo,healthcare,Dr._Robert_Stevens_003
Dr. Robert Stevens,Robert Stevens: Dr. Robert Stevens: Dr. Robert Stevens: Dr. Robert Stevens: Dr. Robert Stevens: Dr. Robert Stevens: Dr. Robert Stevens: Dr. Robert Stevens: Dr. Robert Stevens: Dr. Robert Stevens: Dr. Robert Stevens: Dr. Robert Stevens: Dr. Robert Stevens: Dr. Robert Stevens: Dr. Robert Stevens: Dr. Robert Stevens: Dr. Robert Stevens: Dr. Robert Stevens: Dr. Robert Stevens: Dr. Robert Stevens: Dr. Robert Stevens: Dr. Robert Stevens: Dr. Robert Stevens: Dr. Robert Stevens: Dr. Robert Stevens: Dr. Robert Stevens: Dr. Robert Stevens: Dr. Robert Stevens: Dr. Robert Stevens: Dr. Robert Stevens: Dr. Robert Stevens: Dr. Robert Stevens: Dr. Robert Stevens: Dr. Robert,message,clinical studies,Dr._Robert_Stevens_004
Dr. Robert Stevens,"The study, published in the journal Medications, focuses on the process of establishing a patient's healthcare and the treatment of the patients.",report,healthcare,Dr._Robert_Stevens_005
Dr. Robert Stevens,Dr. Robert Stevens discusses healthcare and how he will use the data.,message,healthcare,Dr._Robert_Stevens_006
Dr. Robert Stevens,Dr. Robert Stevens has given us a very specific and specific business memo. The purpose of this memo is to help clinicians better understand the medical environment.,memo,healthcare,Dr._Robert_Stevens_007
Dr. Robert Stevens,Dr. Robert Stevens studied clinical studies and the concept of pharmacology.,report,clinical studies,Dr._Robert_Stevens_008
Dr. Robert Stevens,Dr. Robert Stevens and his colleagues are looking for a simple and systematic approach to clinical research. They do this by presenting the patient with a medical certificate.,memo,clinical studies,Dr._Robert_Stevens_009
Dr. Robert Stevens,Dr. Robert Stevens: This is a summary of the procedures for a hospital. Dr. Stevens explained a methodical and systematic approach to the health care industry.,message,healthcare,Dr._Robert_Stevens_010
Dr. Robert Stevens,"Dr. Robert Stevens has had his work done in the fields of medicine and medicine. He has been working on a number of scientific papers including the scientific journal, Phys.D. 106, and the journal Phys.D. 106. In the past he had been involved in the research and development of clinical studies. He was a consultant and professor of medicine, the physicist and medical doctor, and a consultant. Dr. Stevens has been a partner in the study of medicine and the research of medicine and medical terminology and clinical terminology. He has been a consultant in a number of field research projects and is interested in research and research in medicine and medicine.",memo,clinical studies,Dr._Robert_Stevens_011
Dr. Robert Stevens,Robert Stevens discusses medical procedures.,report,medical procedures,Dr._Robert_Stevens_012
Dr. Robert Stevens,Robert Stevens is the director of the Center for Reproductive Health and Family Services at the University of Southern California.,note,patient care,Dr._Robert_Stevens_013
Dr. Robert Stevens,Dr. Robert Stevens has researched and researched the study of clinical studies.,note,clinical studies,Dr._Robert_Stevens_014
Dr. Robert Stevens,"Dr. Robert Stevens is the co-author of ""The Secrets of Surgery: How to Make an Anxiety in Your Body"" on the internet.",note,medical procedures,Dr._Robert_Stevens_015
Dr. Robert Stevens,Dr. Stevens is a physician and physician at San Diego County Medical Center. He has also been a consultant to the Dr. St. Michaels Center for Clinical Research.,memo,patient care,Dr._Robert_Stevens_016
Dr. Robert Stevens,"Robert Stevens, an orthopedic surgeon, and his team have been working together for the past few years to develop an approach to a medical treatment. They say that the goal is to create a quality and stable patient experience that will provide a safe, affordable and reliable environment for the patients.",memo,healthcare,Dr._Robert_Stevens_017
Dr. Robert Stevens,"Dr. Robert Stevens, a physician and a physician, has been conducting a business report regarding patient care in the United States. The report is due in May 2017.",memo,patient care,Dr._Robert_Stevens_018
Dr. Robert Stevens,"Dr. Robert Stevens and his team of Dr. Dr. Jeffreys will be contacting you about this, as well as Dr. Stevens' training and experience in healthcare. Please advise if you would like to participate in a team session.",email,healthcare,Dr._Robert_Stevens_019
Dr. Robert Stevens,"Unlike other clinical studies, the systematic approach is not sufficient for the patient to take the time to complete the evaluation of the clinically relevant information.",report,clinical studies,Dr._Robert_Stevens_020
Dr. Robert Stevens,Dr. Robert Stevens is a physician who works in the field of psychiatry and has extensive experience in both the field of medicine and the medical field. He is currently a professor at the University of Michigan and a former doctorate-in-chief of the Department of Health and Human Services.,message,healthcare,Dr._Robert_Stevens_021
Dr. Robert Stevens,Dr. Robert Stevens discussed how medical procedures should be carried out.,report,medical procedures,Dr._Robert_Stevens_022
Dr. Robert Stevens,"Dr. Robert Stevens has a business memo from Dr. Robert Stevens regarding healthcare. Style: Precise, methodical, step-by-step explanations, technical, medical terminology, systematic approach:",memo,healthcare,Dr._Robert_Stevens_023
Dr. Robert Stevens,"Dr. Robert Stevens wrote a brief report entitled ""Surface to the Surgical Methods""",report,medical procedures,Dr._Robert_Stevens_024
Dr. Robert Stevens,"Dr. Robert Stevens is a doctor and a therapist. His specialty is a syringe and systemic methodology, and he is the president of the ophthalmology and obstetrics and gynecology department.",message,healthcare,Dr._Robert_Stevens_025
Dr. Robert Stevens,Dr. Robert Stevens discusses procedures for the use of a lupus artery to treat acute pulmonary syndrome.,report,medical procedures,Dr._Robert_Stevens_026
Dr. Robert Stevens,"Dr. Stevens, who is a consultant physician in the pharmacology field, had a brief clinical trial at the hospital.",note,clinical studies,Dr._Robert_Stevens_027
Dr. Robert Stevens,Dr. Robert Stevens’s report focuses on the medical needs of patients in a variety of health conditions.,report,healthcare,Dr._Robert_Stevens_028
Dr. Robert Stevens,Dr. Robert Stevens discusses patient care.,message,patient care,Dr._Robert_Stevens_029
Dr. Robert Stevens,"In this report, Dr. Robert Stevens describes the patient care process for the future and the effects of the patient's care in the future.",report,patient care,Dr._Robert_Stevens_030
Dr. Robert Stevens,Dr. Robert Stevens has been a professor at the University of Pennsylvania since the beginning of his career. His focus is on educating patients and helping them find the best treatment options for their health.,note,healthcare,Dr._Robert_Stevens_031
Dr. Robert Stevens,"Using a methodological approach, Robert Stevens explains how the medical procedure is performed.",report,medical procedures,Dr._Robert_Stevens_032
Dr. Robert Stevens,The study was commissioned by the United States Bureau of Investigation.,report,clinical studies,Dr._Robert_Stevens_033
Dr. Robert Stevens,"Dr. Robert Stevens has authored more than 20 books on patient care, and has authored more than 30 papers and publications on healthcare and patient care.",report,patient care,Dr._Robert_Stevens_034
Dr. Robert Stevens,Dr. Robert Stevens' report on patient care.,report,patient care,Dr._Robert_Stevens_035
Dr. Robert Stevens,"Dr. Robert Stevens: I'm not going to discuss the medical procedures. It's a great thing to discuss. I would appreciate a lot of your information and you could say, ""You know you're not interested in medical procedures"".",message,medical procedures,Dr._Robert_Stevens_036
Dr. Robert Stevens,The simplest and most common medical procedures are: a procedure for scoliosis or scoliosis.,report,medical procedures,Dr._Robert_Stevens_037
Dr. Robert Stevens,Dr. Robert Stevens: ...too little to do.,email,healthcare,Dr._Robert_Stevens_038
Dr. Robert Stevens,Dr. Robert Stevens is a well-known physician. He is the founder and CEO of the company he founded in 1999. Stevens also published a book on health care in 2012.,memo,healthcare,Dr._Robert_Stevens_039
Dr. Robert Stevens,"Dr. Robert Stevens stated that his e-mail is a ""sophisticated"" communication between Dr. Robert Stevens and his sex client, Dr. Robert Stevens. ""We're trying to do a thorough and comprehensive review of our medical procedures,"" Dr. Stevens said in a letter to the Registrar of Medicines. ""We need to know the process, the specifics of the procedure, the treatment options, and the procedure. We want to get the procedure right,"" he said. ""We want to make sure we get the right procedures in the right way."" Dr. Stevens will do his part, as long as the procedure is correct and concise, and the process is not so confusing.",memo,medical procedures,Dr._Robert_Stevens_040
Nina Rodriguez,"Nina Rodriguez is a student at the University of Florida, Florida.",note,cultural events,Nina_Rodriguez_001
Nina Rodriguez,"The artist is so imaginative that it is hard to remember what was happening. She grew up in the small village of San Felipe, a small town of Santa Cruz. The artist has been doing her work for years and has never been too often praised.",note,art exhibitions,Nina_Rodriguez_002
Nina Rodriguez,"The report states that the style of the design is a bit different, but that it has a touch of humor and wordplay.",report,design trends,Nina_Rodriguez_003
Nina Rodriguez,. . . . . . . . . . . . . . . . . . . . . . . . . . . . . . . . . . . . . . . . . . . . . . . . . . . . . . . . . . . . . . . . . . . . . . . . . . . . . . . . . . . . . . . . . . . . . . . . . . .,note,cultural events,Nina_Rodriguez_004
Nina Rodriguez,"A recent interview with the Daily Mirror, Alicia Keys explains how the new and dreary atmosphere of cultural events and cultural events is reflected in a new perspective on the culture and culture of the city.",note,cultural events,Nina_Rodriguez_005
Nina Rodriguez,"Nina Rodriguez teaches art at her school, teaches music, and has been working on a series of neologisms.",note,creative projects,Nina_Rodriguez_006
Nina Rodriguez,"In a recent column for the New York Times, Nina Rodriguez writes about the importance of creativity and the neo-feminism of pop culture, describing the use of humor and wordplay.",report,creative projects,Nina_Rodriguez_007
Nina Rodriguez,Nina Rodriguez is discussing the creative projects she is doing. She is about the work of other artists and people she has done in the past. She is a writer and she is a writer. She is a member of the Brooklyn Academy of Fine Arts.,message,creative projects,Nina_Rodriguez_008
Nina Rodriguez,The art exhibitions and exhibitions are inspired by Nina Rodriguez's works.,note,art exhibitions,Nina_Rodriguez_009
Nina Rodriguez,Getting creative,email,creative projects,Nina_Rodriguez_010
Nina Rodriguez,"Art exhibitions: Art Museums, Sculptures, Art Exhibitions & Prints",email,art exhibitions,Nina_Rodriguez_011
Nina Rodriguez,"Nina Rodriguez is a Creative and playful entrepreneur. She is also a producer and executive at P&L. Rodriguez is currently working on a neologism that focuses on the role of the author, the author of the book, the neologism of pop culture, and the author of the book, ""Making with the Word""",memo,creative projects,Nina_Rodriguez_012
Nina Rodriguez,"Nina Rodriguez is talking about her recent exhibitions, art exhibitions, and other cultural topics. She is a big fan of the arts and a great writer. The two have taken a tour of the exhibitions.",message,art exhibitions,Nina_Rodriguez_013
Nina Rodriguez,"Taking over the art field, Nina Rodriguez decided to open a new exhibition that would focus on art and entertainment. The exhibition is a part of her project, and the company is focusing on the neo-folk culture. Her goal is to make art a new phenomenon, and to make art more exciting, and more interesting. She has created an art exhibition in a number of galleries, including the Art Museum of New York, a new exhibit in the New York City gallery, and the Art Museum of New York. She said, “I am thrilled to be able to share my art with the world with the world.” Her company, Art Exhibitions, has a large collection of artworks, as well as an art exhibition in the New York City gallery, including the ""Art Gallery of New York"" which is also dedicated to the neologism of art.",memo,art exhibitions,Nina_Rodriguez_014
Nina Rodriguez,"Despite the criticism of the neologism, a series of non-fiction books and a novel that focuses on the work of a talented writer, the neologisms are the most recent.",report,creative projects,Nina_Rodriguez_015
Nina Rodriguez,"Art exhibitions are for a few reasons: a lot of creative artists use humor and wordplay, a lot of words, and a lot of neologisms, a lot of themes, and neologisms.",message,art exhibitions,Nina_Rodriguez_016
Nina Rodriguez,"Using humor and wordplay, colorful, inventive, pop culture references, neologisms:",report,design trends,Nina_Rodriguez_017
Nina Rodriguez,as as as as as as as as as as as as as as as as as as as as as as as as as as as as as as as as as as as as as as as as as as as as as as as as as a,note,art exhibitions,Nina_Rodriguez_018
Nina Rodriguez,"Those that think creative and creative are the ones who are a lot of different, with the same ideas as Nina Rodriguez. In their opinion, they are the ones who are a lot of different. They are both the ones who are very different and the ones who are a lot of different. They are both the ones who are the ones who are the ones who are a lot different and the ones who are a lot different.",message,creative projects,Nina_Rodriguez_019
Nina Rodriguez,"Nina Rodriguez is a professional designer who specializes in designing and branding, but is also the designer who is responsible for many of the world's most iconic logos. Her products include:",memo,design trends,Nina_Rodriguez_020
Nina Rodriguez,"Message from Nina Rodriguez: i'm gonna be able to get on with work soon! I'm gonna get in touch with a manager to discuss the neo-culture & culture topics. Thanks,",email,creative projects,Nina_Rodriguez_021
Nina Rodriguez,Nina Rodriguez is in the culture of culture.,note,cultural events,Nina_Rodriguez_022
Nina Rodriguez,The gallery opens at 6:00 p.m.,report,art exhibitions,Nina_Rodriguez_023
Nina Rodriguez,I am looking forward to your art exhibitions. I'm interested in your work. Thanks.,email,art exhibitions,Nina_Rodriguez_024
Nina Rodriguez,"I'm going to design some redesigned design. I'll be going to go with the logos, but if you can't see the logos, I'll go with the logos, and you'll just be using a t-shirt. I love the colors, and the way you use them.",email,design trends,Nina_Rodriguez_025
Nina Rodriguez,"Nina Rodriguez: The 'creative' idea of a girl in her 50's has a new twist - the way she uses humor and wordplay. And it's kind of like the 'funny' way, you know, she tries to be a good girl - not even if she's always a fan of the 'neologism' - but the 'neologism' is a different kind of way to work. She's also working on a few of her own projects, including a feature film called ""Invisible Man"".",message,creative projects,Nina_Rodriguez_026
Nina Rodriguez,"Nina Rodriguez is discussing creative projects. I thought I would do a few sketches for a little girl. She posed with a lot of kids. She was a great friend of hers. I also love the way she used humor and wordplay. I'd love to see the kids play with them. She was a great partner of hers. Nina Rodriguez, a young girl, is a very creative, playful, quirky, provocative, and creative person.",message,creative projects,Nina_Rodriguez_027
Nina Rodriguez,The music was amazing and they were so creative and creative.,note,cultural events,Nina_Rodriguez_028
Nina Rodriguez,"Nina Rodriguez writes an article about her own writing style, and the neologisms, and her creative writing style.",note,creative projects,Nina_Rodriguez_029
Nina Rodriguez,"Nina Rodriguez: The concept of designing is a thing. She is a creative, playful, uses humor and wordplay, colorful, inventive, pop culture references, neologisms.",message,design trends,Nina_Rodriguez_030
Nina Rodriguez,"Nina Rodriguez is a writer/director. She has worked in the arts and culture, and has written for several films and television series. She is currently a contributor to the Christian & Christian movement.",email,cultural events,Nina_Rodriguez_031
Nina Rodriguez,"Nina Rodriguez, a writer for the Chicago paper, argues that the neologism is the ""mustache of creativity"" for young people.",report,creative projects,Nina_Rodriguez_032
Nina Rodriguez,"Nina Rodriguez: What is the best way to start a new project? She says it is not a lot of work, but it is a fun concept to create.",report,design trends,Nina_Rodriguez_033
Nina Rodriguez,a new approach for the visual arts.,report,art exhibitions,Nina_Rodriguez_034
Nina Rodriguez,Nina Rodriguez: Art exhibitions are made in a new style and a new art concept.,report,art exhibitions,Nina_Rodriguez_035
Nina Rodriguez,"Nina Rodriguez: ... we don't know what's up with the style ... ... and ... ... but ... we're not sure. I just thought, 'cause it's not that big of a change in style, but I guess we'll keep the idea fresh.' Nina Rodriguez: We love the neologism, but it's a lot of work. ... Nina Rodriguez: I see, it's not like the idea of a neologism ... but there's a lot of fun.",message,design trends,Nina_Rodriguez_036
Nina Rodriguez,"Nina Rodriguez: ""It was a wonderful time to meet my friends and family, we are all very happy and honored to be a part of it. We all have a great place and a wonderful environment, and we are really proud of the cultural life of our city. I hope this culture will bring us more of a new chapter in our lives. """,message,cultural events,Nina_Rodriguez_037
Nina Rodriguez,'Articles and neologisms' are the most prominent figures in the culture of the world.,report,cultural events,Nina_Rodriguez_038
Nina Rodriguez,"Then she's the man who gives us a bunch of ideas, some of which are neologism, and some of her favorite ones. And I think that you're a good neologism.",message,design trends,Nina_Rodriguez_039
Nina Rodriguez,I’ve been to more than 200 exhibitions and art exhibitions in the United States and have been promoting the exhibitions and their themes.,note,art exhibitions,Nina_Rodriguez_040
James Wilson,WK - WK - WK - WK - WK - WK - WK - WK - WK - WK - WK - WK - WK - WK - WK - WK - WK - WK - WK - WK - WK - WK - WK - WK - WK - WK - WK - WK - WK - WK - WK - WK - WK - WK - WK - WK - WK - WK - WK - WK - WK - WK - WK - WK - WK - WK - WK - WK - WK - WK,email,community events,James_Wilson_001
James Wilson,"John Bolton, author of the book 'The New York Times', wrote: 'I'm the oldest man in New York, and he's one of the most famous people in New York City.'",report,traditional etiquette,James_Wilson_002
James Wilson,Letters are often used in conjunction with formal announcements.,report,formal announcements,James_Wilson_003
James Wilson,He is a senior officer and the chief executive of the American Association for the Advancement of Science. He is the recipient of many awards and recognitions and is responsible for the drafting and drafting of the invitations.,note,formal invitations,James_Wilson_004
James Wilson,"James Wilson, the editor of the New York Times, is a former professor of political science at Yale University. He is a former academic, and is best known for his writings on the subject of a variety of topics.",report,community events,James_Wilson_005
James Wilson,"James Wilson has decided to introduce the announcements to the public that are to be delivered in New York. The announcements are to be aired on the WSJ website at 1:00 p.m., the same day as the announcements on December 27, 2002. The announcements are to be held on January 25, 2002. The announcements are to be delivered in New York. The announcements are to be aired on the WSJ website at 2:30 p.m., or on WSJ Radio. The announcements are to be broadcast on the WSJ Radio Network.",memo,formal announcements,James_Wilson_006
James Wilson,"James Wilson, a seasoned corporate executive, has expressed interest in addressing the community in an informal, formal manner. The memo states that the office is a small office, but the receptionist is responsible for setting the public attention to the meetings and meetings. Wilson's personal statement, however, says that the office is a ""small office"" and that he is looking to ""get the local office done"".",memo,community events,James_Wilson_007
James Wilson,"James Wilson is a professional businessman, and a founder of the New York City Stock Exchange, and a member of the National Board of Directors.",note,community events,James_Wilson_008
James Wilson,"James Wilson writes in his letter to the media, urging people to ""hone their inner thinking and be kind to themselves"".",note,community events,James_Wilson_009
James Wilson,"James Wilson: Hello, welcome to the meeting and welcome to our newest guest, James Wilson. What are you talking about? We're all greeting each other, and we're all welcoming, and we're all welcome. As soon as you have finished making your formal invitation, please go back to our chat room.",message,formal invitations,James_Wilson_010
James Wilson,"James Wilson: The word ""poison"" has a simple, informal tone, and the word ""poison"" is a common term for the use of a formal, formal, formal, or formal manner. That is, it is a formal, informal, formal, or formal manner. James Wilson: Old-fashioned, formal, formal, formal, courteous, traditional expressions, elaborate courtesy. James Wilson: The word ""poison"" has a simple, formal, formal, or formal manner. He is often considered to be the most polite man to be. He is often considered to be a gentleman to be of the british ancestry of the late 19th century. He is a gentleman to be of the brevity of the early 20th century.",message,traditional etiquette,James_Wilson_011
James Wilson,"James Wilson: Traditional etiquette is not allowed, but it's not allowed. You're welcome.",email,traditional etiquette,James_Wilson_012
James Wilson,"James Wilson is the subject of a documentary, entitled ""Actions of formal and informal communication"" and a brief introduction to formal communications.",report,formal announcements,James_Wilson_013
James Wilson,"James Wilson: I've read a lot of etiquette in my life. I'm all for etiquette. But the formal, formal, formal greetings, formal expressions, formal expressions and traditional expressions are all you would expect. I love to say, that you should be a good friend. But if you don't have a place to be, it's a good idea to be a good friend. It's a great way to get close to you.",message,traditional etiquette,James_Wilson_014
James Wilson,"James Wilson explains the formal announcements, which he also discusses, and the formal details of the formal announcements.",report,formal announcements,James_Wilson_015
James Wilson,The article discusses the formal invitations of many people and the formal invitations of people who are in need of the help and professionalism.,report,formal invitations,James_Wilson_016
James Wilson,"The meetings, meetings, and e-mails will be included in this email.",email,community events,James_Wilson_017
James Wilson,"The memo was issued in July 2008. It is in the format of a formal communication format and a formal statement with the word ""everyone"" .",memo,formal announcements,James_Wilson_018
James Wilson,"James Wilson is the owner of the company, and the chief executive officer of the company. Wilson and his execs are also a member of the committee that works with the public to help them coordinate the affairs of the community.",memo,community events,James_Wilson_019
James Wilson,"James Wilson: How do you think you're going to do it? I think it's kind of a simple and formal greeting - but what do you mean by formal greetings? I mean, you have to think of a form. I don't think it's formal. I think it's formal. I think it's a formal greeting - or formal greeting - but you don't really want to do it. I mean formal greetings. I think it's informal. I think it's informal. I don't think it's formal. I mean formal greetings. I think it's formal. I don't think it's formal. I don't think it's formal. I think it's formal. I think it's formal. I think it's formal.",message,community events,James_Wilson_020
James Wilson,Public relations are a form of social media and not just for a particular activity.,report,community events,James_Wilson_021
James Wilson,He has been in the field of community events for the past four years.,report,community events,James_Wilson_022
James Wilson,"James Wilson was quoted in an interview with the New York Daily News that he had a brief meeting with the President of the United States, David Brown, on a brief conversation. The man said that he was in an impromptu position, and that he was very supportive of the President and would be looking forward to the meeting.",note,formal announcements,James_Wilson_023
James Wilson,"James Wilson, a businessman, was a professional in the advertising industry. He is known for his long-time associate in marketing and advertising.",note,community events,James_Wilson_024
James Wilson,"James Wilson, the President of the United States of America, was president of the New York State House of Representatives.",note,traditional etiquette,James_Wilson_025
James Wilson,Letters from James Wilson,email,traditional etiquette,James_Wilson_026
James Wilson,"He is married to his wife, her son, and daughter, and has a daughter.",note,formal invitations,James_Wilson_027
James Wilson,James Wilson: You're welcome! Hopefully everyone at the club will have a fun day.,message,traditional etiquette,James_Wilson_028
James Wilson,"The company's statement from James Wilson and the company's communication, an official statement from the company, says it is a formal etiquette style for a company. The statement includes a form, such as """" to say ""to make sure that the letter you're sending is formal"". """" The letter is intended for corporate personnel, but the statement is intended for direct, formal communication and is not meant to communicate formal information, but rather to convey the message to the company and the company's customers. Regardless of the formal etiquette, the statement should be a formal greeting, a greeting of greetings, or a greeting of greetings. ""The statement is intended for corporate personnel and is intended for direct, formal communication and is intended to convey the message to the company's customers."" It may not be formal, but it is intended to be a formal greeting, or a greeting of greeting",memo,traditional etiquette,James_Wilson_029
James Wilson,"James Wilson surveyed and conducted a survey of people in the United States who have lived in the U.S., Canada, and the United States.",report,community events,James_Wilson_030
James Wilson,"James Wilson: I'm sure you'll enjoy the re-election of our people, and I can't imagine you're going to have to put on an office shirt and a long coat.",message,community events,James_Wilson_031
James Wilson,Ethics,email,traditional etiquette,James_Wilson_032
James Wilson,James Wilson's letters are a personal reminder of a personal statement.,note,traditional etiquette,James_Wilson_033
James Wilson,"James Wilson: Old-fashioned, formal, traditional correspondence style, formal, courteous, traditional expressions, elaborate courtesy",note,traditional etiquette,James_Wilson_034
James Wilson,James Wilson is the executive director of the New York City School of Design and Design.,note,formal invitations,James_Wilson_035
James Wilson,"James Wilson: You drew a lot of compliments. I'm just not a fan of old-fashioned, formal, traditional correspondence style, formal, courteous, traditional expressions, elaborate courtesy.",message,traditional etiquette,James_Wilson_036
James Wilson,"James Wilson, a poet, is an American writer who wrote over 200 poems on his own.",note,formal invitations,James_Wilson_037
James Wilson,The WK Advisory Committee,email,community events,James_Wilson_038
James Wilson,"James Wilson, CEO, President of the National Committee on Continuing Education, and a member of the committee responsible for the administration, said that the formal announcements should have been written by the Secretary of State. The secretary will be announcing the meeting with the Secretary of State and the Secretary of State, if he is elected. He said that the Secretary of State will not be re-elected until the re-election, or if he is not elected, or that he is not appointed.",memo,formal announcements,James_Wilson_039
James Wilson,Invitations,email,formal invitations,James_Wilson_040
Lisa Chang,Lisa Chang discussed statistics.,message,statistical reports,Lisa_Chang_001
Lisa Chang,Lisa Chang discussed a methodology for the implementation of the concept of logic and in particular the methods for the use of logical connectors.,report,methodology,Lisa_Chang_002
Lisa Chang,A logical and logical progression of ideas.,report,statistical reports,Lisa_Chang_003
Lisa Chang,Lisa Chang has written a business memo to the government regarding the need to analyze and analyze data. The memo contains information on the possible and probable causes of data loss and the potential of data loss in a computerized environment. It also includes information on the potential and possible causes of data loss and data loss in a computerized environment.,memo,data analysis,Lisa_Chang_004
Lisa Chang,Lisa Chang: It is the way to think and analyze logically.,note,methodology,Lisa_Chang_005
Lisa Chang,"I'm working on this with a data analysis. I'm going to use a different tool for data analysis. I have a different spreadsheet, and I'm working on some data analysis. I'll use this one for a couple of days.",email,data analysis,Lisa_Chang_006
Lisa Chang,"Lisa Chang, a researcher at the MIT Research and Development Institute, has written a report focusing on how to develop an analysis of analytical, data-driven, logical progression of ideas, statistical terms, and logical connectors.",report,methodology,Lisa_Chang_007
Lisa Chang,Lisa Chang: Data Analysis,email,data analysis,Lisa_Chang_008
Lisa Chang,The report states that research is done at an analytical level. The findings include: The research findings include: The findings include: The findings include: The findings include: The findings include: The findings include: The findings include: The findings include: The findings include: The findings include: The findings include: The findings include: The findings include: The findings include: The findings include: The findings include: The findings include: The findings include: The findings include: The findings include: The findings include: The findings include: The findings include: The findings include: The findings include: The findings include: The findings include: The findings include: The findings include: The findings include: The findings include: The findings include: The findings include: The findings include: The findings include: The findings include: The findings include: The findings include: The findings include: The findings include: The findings include: The findings include: The findings include: The findings include: The findings include: The findings,memo,research findings,Lisa_Chang_009
Lisa Chang,"Lisa Chang is a former scientist and researcher at the University of California, Berkeley. She is a former mathematician and author of the physics paper. She has published the articles in ""Metal Dynamics, Data and Informations"".",message,statistical reports,Lisa_Chang_010
Lisa Chang,"The research findings are in the interest of Lisa Chang. The research consists of an analysis of research based on data-driven, logical progression of ideas, statistical terms, and logical connectors. The logical connectors were in the early stages of the research and were useful in making logical connections.",email,research findings,Lisa_Chang_011
Lisa Chang,IMM-to-Mexican methodology,email,methodology,Lisa_Chang_012
Lisa Chang,Lisa Chang: This is the most significant research report I've ever had about the findings of her research. The report is an overview of research findings that have been published in the journal Science Quarterly. I'm not looking to explain why these findings are not being considered and I would say the results of the research are not being studied.,message,research findings,Lisa_Chang_013
Lisa Chang,"Lisa Chang, what exactly is the methodology used in this study? - Analytical, data-driven, logical progression of ideas, statistical terms, logical connectors, evidence-based language.",message,methodology,Lisa_Chang_014
Lisa Chang,Lisa Chang explains how to implement the methodology.,report,methodology,Lisa_Chang_015
Lisa Chang,Lisa Chang shares her thoughts with others about the methodology she says she used in the program.,note,methodology,Lisa_Chang_016
Lisa Chang,"Lisa Chang, a seasoned entrepreneur, is a well-known expert in the field of data analysis. In addition to the information he offers, he is also a well-known expert in data analysis.",note,data analysis,Lisa_Chang_017
Lisa Chang,"Linda and I are talking about a data analysis. It is a method that we are discussing, with the ability to analyze the data. We do not have to be a data analyst. It is the case of data analysis.",message,data analysis,Lisa_Chang_018
Lisa Chang,"Lisa Chang is a research consultant in the field of technology and has developed a methodology to improve the results of her research. She has published research papers on the topics of the future, and is currently working on the next chapter in the Applied Mathematics of the University of California at Berkeley.",memo,research findings,Lisa_Chang_019
Lisa Chang,This is a summary of the research. This is a summary of the research.,note,data analysis,Lisa_Chang_020
Lisa Chang,The Business Memo is a business statement. This memo describes research findings.,memo,research findings,Lisa_Chang_021
Lisa Chang,"Lisa Chang is a Senior Researcher at the Department of Science and Technology at the University of California, Berkeley. She is a seasoned expert in the field of technology. She has a large collection of computer science journals and research papers. In addition, she is a professor of engineering at Stanford. She is the founder of the Institute of the American Society of Computer Science.",memo,data analysis,Lisa_Chang_022
Lisa Chang,Lisa Chang is the head of the logical and statistical group at the University of Chicago. She is a nutcracker.,memo,data analysis,Lisa_Chang_023
Lisa Chang,"Analysis of Ideas, logical progression of ideas, statistics and logical connectors.",report,methodology,Lisa_Chang_024
Lisa Chang,"Lisa Chang, I'm talking about the methodology, and the fact that the data is logically based. I'm talking about logical connection, and I'm talking about the analysis of ideas, logical connectors, and evidence-based language.",message,methodology,Lisa_Chang_025
Lisa Chang,"""In our analysis, we found that it was easier to have a logical progression of ideas and statistical terms than logical connectors,"" she told her.",note,data analysis,Lisa_Chang_026
Lisa Chang,"Lisa Chang is the new CEO of the National Informatics Institute (NICE). She is a leading member of the National Institute of Advanced Research in the field of Informatics. She is currently working on the paper ""Determined in Quantitative Data"" for the upcoming ENA conference in Singapore.",memo,statistical reports,Lisa_Chang_027
Lisa Chang,"Judith Zing: The subject of the new methodology is the analysis of ideas, statistics and scientific assumptions, including the fact that the research will be considered in the future.",note,methodology,Lisa_Chang_028
Lisa Chang,"During a study of new ideas, I've been informed of a new type of work done by our scientists. We'll get a little help in this field. Thank you, Lisa.",email,research findings,Lisa_Chang_029
Lisa Chang,"Lisa Chang, from The New York Times, told the Times he was the only researcher to discover what she could do. ""As the research progresses, the research has a large number of problems and, with the help of a strong team of researchers, they have found it difficult to identify a new problem,"" she said.",note,research findings,Lisa_Chang_030
Lisa Chang,Data analysis is a useful tool to make logical decision-making easier.,report,data analysis,Lisa_Chang_031
Lisa Chang,"Lisa Chang: How's data and logical progression of ideas? Lisa Chang: Analytical, data-driven, logical progression of ideas, statistical terms, logical connectors, evidence-based language? Lisa Chang: Yes, it's. It's logical connectors. And it's logical connection to the data. Lisa Chang: And that's the data.",message,research findings,Lisa_Chang_032
Lisa Chang,"Lisa Chang said she would advise the company to use an analytical, data-driven, logical progression of ideas, statistical terms, logical connectors, and evidence-based language to make statistical reports more effective. She added that the report would be more useful for analyzing business results.",memo,statistical reports,Lisa_Chang_033
Lisa Chang,Lisa Chang is working with IBM to create the best data analysis tool for its customers.,memo,data analysis,Lisa_Chang_034
Lisa Chang,"I have an idea on the subject of analysis. I am looking at the data and what they do to the project and the findings. We have a couple of things to talk about. Some of the things that I do like about the project are: an interdisciplinary approach to design, and the logical progression of ideas. I'm not a physicist, and this is a logical progression. It's a fact that you are a logical determinant of the outcome of the project. I think we can do this. Generally, I think there are a lot of research that I think is good, but there are many very interesting things. I think I'll be doing it for a couple of years, and I hope they'll be done. Thanks,",email,research findings,Lisa_Chang_035
Lisa Chang,Lisa Chang has a big story to tell about statistical reports.,note,statistical reports,Lisa_Chang_036
Lisa Chang,A report by Lisa Chang on data analysis.,report,data analysis,Lisa_Chang_037
Lisa Chang,An analysis of an analytical and logical progression of ideas.,report,statistical reports,Lisa_Chang_038
Lisa Chang,"In a report published in March 2011, the report identified some of the best ways to identify historical data and provide a better overview of the context.",report,statistical reports,Lisa_Chang_039
Lisa Chang,"Lisa Chang, I am talking about the logical progression of ideas, statistical terms, logical connectors, evidence-based language",message,methodology,Lisa_Chang_040
Mike Davis,Mike Davis shares his team's motivational language with Teammate Tim Reeves,report,team motivation,Mike_Davis_001
Mike Davis,Mike Davis' report was written in a newspaper about accomplishments.,report,achievement celebrations,Mike_Davis_002
Mike Davis,Mike Davis is a good guy. He is a good guy. He is really a great guy. He is a very good guy.,email,team motivation,Mike_Davis_003
Mike Davis,"Mike Davis, Mike's favorite exec, is a tough guy who doesn't want to hurt anyone. He says he's always a fan of swag and his team is very successful.",message,team motivation,Mike_Davis_004
Mike Davis,"The following words sounded like they were a bit of a surprise to everyone: a resounding sense of humour, a sense of happiness, a sense of surprise.",note,team motivation,Mike_Davis_005
Mike Davis,Mike Davis is a professional goal setting consultant for the American Soccer Association. He is a passionate and energetic individual who is a strong supporter of soccer and has a strong passion for soccer. He is an exclamatory for the American soccer association.,memo,goal setting,Mike_Davis_006
Mike Davis,"Mike Davis' stagiary celebrations include the milestones in his recurring role in the television series ""Birdnight""",report,achievement celebrations,Mike_Davis_007
Mike Davis,Mike Davis: I know I'm the snob and I'm not gonna do that for the rest of the game. I've got to get to the goal.,message,goal setting,Mike_Davis_008
Mike Davis,Mike Davis has a long history of winning the team.,report,team motivation,Mike_Davis_009
Mike Davis,"On the progress of his achievements, Davis said: “It is important to celebrate our accomplishments and celebrate our achievements.”",report,achievement celebrations,Mike_Davis_010
Mike Davis,Project Launch,email,project launches,Mike_Davis_011
Mike Davis,"In this report, Davis outlines five things he has learned in order to celebrate achievement.",report,achievement celebrations,Mike_Davis_012
Mike Davis,Mike Davis is an enthusiastic professional baseball player who has been a key player for a number of seasons.,report,team motivation,Mike_Davis_013
Mike Davis,The message is to celebrate successes and the challenges.,note,achievement celebrations,Mike_Davis_014
Mike Davis,"Mike Davis, a member of the team, has been re-elected to the Board of Directors of the Association of Professional Footballers (AEW).",report,team motivation,Mike_Davis_015
Mike Davis,Mike Davis has been making a recurring trend in his goal setting. He is a fan of a number of other things. He is a goalkeeper who has a lot of passion. He has been using a calming and energy calming language to make his goals.,message,goal setting,Mike_Davis_016
Mike Davis,Mike Davis is an award winning professional baseball player who is known for his achievements. He is currently the head coach of the varsity baseball team and is a regular player for the Milwaukee Bucks. He has been a fan of baseball since he was a catcher in the 1940s.,memo,achievement celebrations,Mike_Davis_017
Mike Davis,Mike Davis has talked about how to make a goal setting exercise.,report,goal setting,Mike_Davis_018
Mike Davis,Mike Davis was the CEO of the company. He also was involved in the marketing of the business. He is currently a freelance writer.,memo,achievement celebrations,Mike_Davis_019
Mike Davis,Mike Davis is a star.,note,goal setting,Mike_Davis_020
Mike Davis,Mike Davis says he is confident that he will win the team in a tougher race.,report,team motivation,Mike_Davis_021
Mike Davis,"Mike Davis is discussing the launch of his own project, which he said is about building a new community.",message,project launches,Mike_Davis_022
Mike Davis,"Mike Davis, the player who led the team for the last time, has been able to inspire the team and improve their own performance.",note,team motivation,Mike_Davis_023
Mike Davis,NOW SUBJECTS!,email,project launches,Mike_Davis_024
Mike Davis,Mike Davis: Goal Setting,email,goal setting,Mike_Davis_025
Mike Davis,"Mike Davis is a successful entrepreneur who has set up a new marketing campaign to make the business profitable. He is a successful investor and former employee of a company, which is a firm that offers products and services for sale in the United States.",memo,goal setting,Mike_Davis_026
Mike Davis,Mike Davis said that people of all ages should have a great day and a great day.,note,achievement celebrations,Mike_Davis_027
Mike Davis,Mike Davis is a proponent of goal setting,report,goal setting,Mike_Davis_028
Mike Davis,"Mike Davis is talking about the launch of his new project. He has a few ideas to talk about. The project will be called ""It's an Innovation Project"" and the first of its kind in the United States.",message,project launches,Mike_Davis_029
Mike Davis,"Mike Davis: Mike Davis - a successful project for the new 'builds' company. His project was built in the early 1990s with the launch of the new 'builds'. He is also in charge of the marketing and communications of the company, including the development of a new logo and logo.",message,project launches,Mike_Davis_030
Mike Davis,"Mike Davis is a fan of the gym, and it has a good style of work.",note,goal setting,Mike_Davis_031
Mike Davis,"Mike Davis, a spokesman for the company, asked if it would be possible to give the ad hoc account for the achievement of the awards he received. The statement said: ""These are awards. Those are the people you want to receive. They are the people you want to receive.""",message,achievement celebrations,Mike_Davis_032
Mike Davis,Mike Davis is a successful businessman who is a top notch businessman.,note,achievement celebrations,Mike_Davis_033
Mike Davis,"Mike Davis is a genius, but the best thing he has done in the past was to motivate the team for goals. He said that the team goals are what he wants to accomplish. He is trying to build a relationship with the team as a whole, but the team has to use a lot of effort to get to the goals.",message,goal setting,Mike_Davis_034
Mike Davis,Mike Davis writes a report on how to achieve a goal.,report,goal setting,Mike_Davis_035
Mike Davis,Mike Davis is about to set a goal for the women. He wants to do it a favor.,message,goal setting,Mike_Davis_036
Mike Davis,The first two are two and a half weeks.,note,project launches,Mike_Davis_037
Mike Davis,Mike Davis wants to set goals for goals. He needs to be able to achieve goals.,memo,goal setting,Mike_Davis_038
Mike Davis,Mike Davis' team has a clear focus on how they work to achieve their goals,report,team motivation,Mike_Davis_039
Mike Davis,Mike Davis focuses on overcoming problems during his professional career and overcoming a variety of obstacles.,report,goal setting,Mike_Davis_040
